file_name,relative_path,column_name,dtype,null_count,null_pct,n_unique,sample_value_1
demographics.csv,Demographics\demographics.csv,uid,str,0,0.0,216,3569e2f520db9014b4acc4227a6421c1
demographics.csv,Demographics\demographics.csv,gender,str,0,0.0,3,both
demographics.csv,Demographics\demographics.csv,race,str,0,0.0,8,white
Data Dictionary.csv,Demographics\Data Dictionary.csv,Variable,str,0,0.0,3,uid
Data Dictionary.csv,Demographics\Data Dictionary.csv,Definition,str,0,0.0,3,Unique user ID
general_ema.csv,EMA\general_ema.csv,uid,str,0,0.0,220,1ff6d7f34acb354430e7323a35ff7703
general_ema.csv,EMA\general_ema.csv,day,int64,0,0.0,1762,20170907
general_ema.csv,EMA\general_ema.csv,pam,float64,181969,0.8379682715111326,16,7.0
general_ema.csv,EMA\general_ema.csv,phq4-1,float64,181807,0.8372222605972692,4,2.0
general_ema.csv,EMA\general_ema.csv,phq4-2,float64,181807,0.8372222605972692,4,2.0
general_ema.csv,EMA\general_ema.csv,phq4-3,float64,181807,0.8372222605972692,4,2.0
general_ema.csv,EMA\general_ema.csv,phq4-4,float64,181807,0.8372222605972692,4,1.0
general_ema.csv,EMA\general_ema.csv,phq4_resp_mean,float64,181807,0.8372222605972692,34398,4.49427974224
general_ema.csv,EMA\general_ema.csv,phq4_resp_median,float64,181807,0.8372222605972692,33120,4.40922439098
general_ema.csv,EMA\general_ema.csv,phq4_score,float64,181807,0.8372222605972692,13,7.0
general_ema.csv,EMA\general_ema.csv,social_level,float64,181807,0.8372222605972692,5,4.0
general_ema.csv,EMA\general_ema.csv,sse3-1,float64,181807,0.8372222605972692,5,1.0
general_ema.csv,EMA\general_ema.csv,sse3-2,float64,181807,0.8372222605972692,5,3.0
general_ema.csv,EMA\general_ema.csv,sse3-3,float64,181807,0.8372222605972692,5,3.0
general_ema.csv,EMA\general_ema.csv,sse3-4,float64,181807,0.8372222605972692,5,3.0
general_ema.csv,EMA\general_ema.csv,sse3_resp_mean,float64,181807,0.8372222605972692,34405,2.99592399597
general_ema.csv,EMA\general_ema.csv,sse3_resp_median,float64,181807,0.8372222605972692,33122,2.98918390274
general_ema.csv,EMA\general_ema.csv,stress,float64,181807,0.8372222605972692,5,1.0
general_ema.csv,EMA\general_ema.csv,avg_ema_spent_time,float64,178148,0.8203725449563676,38118,37.3856978416
Data Dictionary (general EMA).csv,EMA\Data Dictionary (general EMA).csv,Variable,str,0,0.0,19,uid
Data Dictionary (general EMA).csv,EMA\Data Dictionary (general EMA).csv,Feature Availability -- Android/iOS/All ,str,0,0.0,1,All
Data Dictionary (general EMA).csv,EMA\Data Dictionary (general EMA).csv,Description,str,0,0.0,19,Unique user ID
Data Dictionary (general EMA).csv,EMA\Data Dictionary (general EMA).csv,Range,str,8,0.42105263157894735,4,1 to 16
Data Dictionary (general EMA).csv,EMA\Data Dictionary (general EMA).csv,Standard Survey?,str,8,0.42105263157894735,4,Yes. Photographic Affect Meter.
covid_ema.csv,EMA\covid_ema.csv,uid,str,0,0.0,181,1ff6d7f34acb354430e7323a35ff7703
covid_ema.csv,EMA\covid_ema.csv,day,int64,0,0.0,771,20200317
covid_ema.csv,EMA\covid_ema.csv,COVID-1,float64,10897,0.6599842529222942,7,5.0
covid_ema.csv,EMA\covid_ema.csv,COVID-2,float64,10897,0.6599842529222942,7,7.0
covid_ema.csv,EMA\covid_ema.csv,COVID-3,float64,10897,0.6599842529222942,7,6.0
covid_ema.csv,EMA\covid_ema.csv,COVID-4,float64,10897,0.6599842529222942,7,6.0
covid_ema.csv,EMA\covid_ema.csv,COVID-5,float64,10897,0.6599842529222942,7,4.0
covid_ema.csv,EMA\covid_ema.csv,COVID-6,float64,10897,0.6599842529222942,7,6.0
covid_ema.csv,EMA\covid_ema.csv,COVID-7,float64,10897,0.6599842529222942,7,4.0
covid_ema.csv,EMA\covid_ema.csv,COVID-8,float64,10897,0.6599842529222942,7,2.0
covid_ema.csv,EMA\covid_ema.csv,COVID-9,float64,10897,0.6599842529222942,7,3.0
covid_ema.csv,EMA\covid_ema.csv,COVID-10,float64,10897,0.6599842529222942,7,4.0
Data Dictionary (COVID EMA).csv,EMA\Data Dictionary (COVID EMA).csv,Variable,str,0,0.0,12,uid
Data Dictionary (COVID EMA).csv,EMA\Data Dictionary (COVID EMA).csv,Feature Availability -- Android/iOS/All ,str,0,0.0,1,All
Data Dictionary (COVID EMA).csv,EMA\Data Dictionary (COVID EMA).csv,Description,str,0,0.0,12,Unique user ID
Data Dictionary (COVID EMA).csv,EMA\Data Dictionary (COVID EMA).csv,Range,str,2,0.16666666666666666,3,"1: Not at All;
2;
3;
4: Somewhat;
5;
6;
7: Extremely"
Data Dictionary (COVID EMA).csv,EMA\Data Dictionary (COVID EMA).csv,Standard Survey?,str,2,0.16666666666666666,1,No
sensing.csv,Sensing\sensing.csv,uid,str,0,0.0,220,1ff6d7f34acb354430e7323a35ff7703
sensing.csv,Sensing\sensing.csv,is_ios,int64,0,0.0,2,1
sensing.csv,Sensing\sensing.csv,day,int64,0,0.0,1743,20170907
sensing.csv,Sensing\sensing.csv,act_in_vehicle_ep_0,int64,0,0.0,17590,0
sensing.csv,Sensing\sensing.csv,act_in_vehicle_ep_1,int64,0,0.0,5988,0
sensing.csv,Sensing\sensing.csv,act_in_vehicle_ep_2,int64,0,0.0,13765,0
sensing.csv,Sensing\sensing.csv,act_in_vehicle_ep_3,int64,0,0.0,8642,0
sensing.csv,Sensing\sensing.csv,act_in_vehicle_hr_0,int64,0,0.0,2089,0
sensing.csv,Sensing\sensing.csv,act_in_vehicle_hr_1,int64,0,0.0,1609,0
sensing.csv,Sensing\sensing.csv,act_in_vehicle_hr_10,int64,0,0.0,3353,0
sensing.csv,Sensing\sensing.csv,act_in_vehicle_hr_11,int64,0,0.0,3452,0
sensing.csv,Sensing\sensing.csv,act_in_vehicle_hr_12,int64,0,0.0,3457,0
sensing.csv,Sensing\sensing.csv,act_in_vehicle_hr_13,int64,0,0.0,3491,0
sensing.csv,Sensing\sensing.csv,act_in_vehicle_hr_14,int64,0,0.0,3509,0
sensing.csv,Sensing\sensing.csv,act_in_vehicle_hr_15,int64,0,0.0,3532,0
sensing.csv,Sensing\sensing.csv,act_in_vehicle_hr_16,int64,0,0.0,3535,0
sensing.csv,Sensing\sensing.csv,act_in_vehicle_hr_17,int64,0,0.0,3525,0
sensing.csv,Sensing\sensing.csv,act_in_vehicle_hr_18,int64,0,0.0,3458,0
sensing.csv,Sensing\sensing.csv,act_in_vehicle_hr_19,int64,0,0.0,3347,0
sensing.csv,Sensing\sensing.csv,act_in_vehicle_hr_2,int64,0,0.0,1210,0
sensing.csv,Sensing\sensing.csv,act_in_vehicle_hr_20,int64,0,0.0,3205,0
sensing.csv,Sensing\sensing.csv,act_in_vehicle_hr_21,int64,0,0.0,3098,0
sensing.csv,Sensing\sensing.csv,act_in_vehicle_hr_22,int64,0,0.0,2819,0
sensing.csv,Sensing\sensing.csv,act_in_vehicle_hr_23,int64,0,0.0,2508,0
sensing.csv,Sensing\sensing.csv,act_in_vehicle_hr_3,int64,0,0.0,1060,0
sensing.csv,Sensing\sensing.csv,act_in_vehicle_hr_4,int64,0,0.0,1056,0
sensing.csv,Sensing\sensing.csv,act_in_vehicle_hr_5,int64,0,0.0,1467,0
sensing.csv,Sensing\sensing.csv,act_in_vehicle_hr_6,int64,0,0.0,2061,0
sensing.csv,Sensing\sensing.csv,act_in_vehicle_hr_7,int64,0,0.0,2876,0
sensing.csv,Sensing\sensing.csv,act_in_vehicle_hr_8,int64,0,0.0,3206,0
sensing.csv,Sensing\sensing.csv,act_in_vehicle_hr_9,int64,0,0.0,3319,0
sensing.csv,Sensing\sensing.csv,act_on_bike_ep_0,int64,0,0.0,5102,0
sensing.csv,Sensing\sensing.csv,act_on_bike_ep_1,int64,0,0.0,1581,0
sensing.csv,Sensing\sensing.csv,act_on_bike_ep_2,int64,0,0.0,4223,0
sensing.csv,Sensing\sensing.csv,act_on_bike_ep_3,int64,0,0.0,2828,0
sensing.csv,Sensing\sensing.csv,act_on_bike_hr_0,int64,0,0.0,672,0
sensing.csv,Sensing\sensing.csv,act_on_bike_hr_1,int64,0,0.0,516,0
sensing.csv,Sensing\sensing.csv,act_on_bike_hr_10,int64,0,0.0,1343,0
sensing.csv,Sensing\sensing.csv,act_on_bike_hr_11,int64,0,0.0,1467,0
sensing.csv,Sensing\sensing.csv,act_on_bike_hr_12,int64,0,0.0,1536,0
sensing.csv,Sensing\sensing.csv,act_on_bike_hr_13,int64,0,0.0,1523,0
sensing.csv,Sensing\sensing.csv,act_on_bike_hr_14,int64,0,0.0,1628,0
sensing.csv,Sensing\sensing.csv,act_on_bike_hr_15,int64,0,0.0,1658,0
sensing.csv,Sensing\sensing.csv,act_on_bike_hr_16,int64,0,0.0,1558,0
sensing.csv,Sensing\sensing.csv,act_on_bike_hr_17,int64,0,0.0,1526,0
sensing.csv,Sensing\sensing.csv,act_on_bike_hr_18,int64,0,0.0,1446,0
sensing.csv,Sensing\sensing.csv,act_on_bike_hr_19,int64,0,0.0,1335,0
sensing.csv,Sensing\sensing.csv,act_on_bike_hr_2,int64,0,0.0,361,0
sensing.csv,Sensing\sensing.csv,act_on_bike_hr_20,int64,0,0.0,1235,0
sensing.csv,Sensing\sensing.csv,act_on_bike_hr_21,int64,0,0.0,1146,0
sensing.csv,Sensing\sensing.csv,act_on_bike_hr_22,int64,0,0.0,1037,0
sensing.csv,Sensing\sensing.csv,act_on_bike_hr_23,int64,0,0.0,882,0
sensing.csv,Sensing\sensing.csv,act_on_bike_hr_3,int64,0,0.0,208,0
sensing.csv,Sensing\sensing.csv,act_on_bike_hr_4,int64,0,0.0,176,0
sensing.csv,Sensing\sensing.csv,act_on_bike_hr_5,int64,0,0.0,224,0
sensing.csv,Sensing\sensing.csv,act_on_bike_hr_6,int64,0,0.0,382,0
sensing.csv,Sensing\sensing.csv,act_on_bike_hr_7,int64,0,0.0,634,0
sensing.csv,Sensing\sensing.csv,act_on_bike_hr_8,int64,0,0.0,1000,0
sensing.csv,Sensing\sensing.csv,act_on_bike_hr_9,int64,0,0.0,1177,0
sensing.csv,Sensing\sensing.csv,act_on_foot_ep_0,float64,190960,0.8838081132992387,7874,3427.0
sensing.csv,Sensing\sensing.csv,act_on_foot_ep_1,float64,190960,0.8838081132992387,2290,0.0
sensing.csv,Sensing\sensing.csv,act_on_foot_ep_2,float64,190960,0.8838081132992387,5486,1739.0
sensing.csv,Sensing\sensing.csv,act_on_foot_ep_3,float64,190960,0.8838081132992387,4003,1688.0
sensing.csv,Sensing\sensing.csv,act_on_foot_hr_0,float64,190960,0.8838081132992387,1247,0.0
sensing.csv,Sensing\sensing.csv,act_on_foot_hr_1,float64,190960,0.8838081132992387,1025,0.0
sensing.csv,Sensing\sensing.csv,act_on_foot_hr_10,float64,190960,0.8838081132992387,1407,0.0
sensing.csv,Sensing\sensing.csv,act_on_foot_hr_11,float64,190960,0.8838081132992387,1556,0.0
sensing.csv,Sensing\sensing.csv,act_on_foot_hr_12,float64,190960,0.8838081132992387,1629,1087.0
sensing.csv,Sensing\sensing.csv,act_on_foot_hr_13,float64,190960,0.8838081132992387,1653,445.0
sensing.csv,Sensing\sensing.csv,act_on_foot_hr_14,float64,190960,0.8838081132992387,1643,207.0
sensing.csv,Sensing\sensing.csv,act_on_foot_hr_15,float64,190960,0.8838081132992387,1682,0.0
sensing.csv,Sensing\sensing.csv,act_on_foot_hr_16,float64,190960,0.8838081132992387,1666,0.0
sensing.csv,Sensing\sensing.csv,act_on_foot_hr_17,float64,190960,0.8838081132992387,1702,0.0
sensing.csv,Sensing\sensing.csv,act_on_foot_hr_18,float64,190960,0.8838081132992387,1671,1147.0
sensing.csv,Sensing\sensing.csv,act_on_foot_hr_19,float64,190960,0.8838081132992387,1630,29.0
sensing.csv,Sensing\sensing.csv,act_on_foot_hr_2,float64,190960,0.8838081132992387,647,0.0
sensing.csv,Sensing\sensing.csv,act_on_foot_hr_20,float64,190960,0.8838081132992387,1552,411.0
sensing.csv,Sensing\sensing.csv,act_on_foot_hr_21,float64,190960,0.8838081132992387,1430,15.0
sensing.csv,Sensing\sensing.csv,act_on_foot_hr_22,float64,190960,0.8838081132992387,1363,86.0
sensing.csv,Sensing\sensing.csv,act_on_foot_hr_23,float64,190960,0.8838081132992387,1339,0.0
sensing.csv,Sensing\sensing.csv,act_on_foot_hr_3,float64,190960,0.8838081132992387,400,0.0
sensing.csv,Sensing\sensing.csv,act_on_foot_hr_4,float64,190960,0.8838081132992387,280,0.0
sensing.csv,Sensing\sensing.csv,act_on_foot_hr_5,float64,190960,0.8838081132992387,298,0.0
sensing.csv,Sensing\sensing.csv,act_on_foot_hr_6,float64,190960,0.8838081132992387,505,0.0
sensing.csv,Sensing\sensing.csv,act_on_foot_hr_7,float64,190960,0.8838081132992387,902,0.0
sensing.csv,Sensing\sensing.csv,act_on_foot_hr_8,float64,190960,0.8838081132992387,1215,0.0
sensing.csv,Sensing\sensing.csv,act_on_foot_hr_9,float64,190960,0.8838081132992387,1323,0.0
sensing.csv,Sensing\sensing.csv,act_running_ep_0,int64,0,0.0,3373,7
sensing.csv,Sensing\sensing.csv,act_running_ep_1,int64,0,0.0,1263,0
sensing.csv,Sensing\sensing.csv,act_running_ep_2,int64,0,0.0,3039,5
sensing.csv,Sensing\sensing.csv,act_running_ep_3,int64,0,0.0,1666,2
sensing.csv,Sensing\sensing.csv,act_running_hr_0,int64,0,0.0,412,0
sensing.csv,Sensing\sensing.csv,act_running_hr_1,int64,0,0.0,335,0
sensing.csv,Sensing\sensing.csv,act_running_hr_10,int64,0,0.0,1075,0
sensing.csv,Sensing\sensing.csv,act_running_hr_11,int64,0,0.0,1109,0
sensing.csv,Sensing\sensing.csv,act_running_hr_12,int64,0,0.0,1000,0
sensing.csv,Sensing\sensing.csv,act_running_hr_13,int64,0,0.0,960,0
sensing.csv,Sensing\sensing.csv,act_running_hr_14,int64,0,0.0,991,0
sensing.csv,Sensing\sensing.csv,act_running_hr_15,int64,0,0.0,1182,0
sensing.csv,Sensing\sensing.csv,act_running_hr_16,int64,0,0.0,1323,0
sensing.csv,Sensing\sensing.csv,act_running_hr_17,int64,0,0.0,1275,5
sensing.csv,Sensing\sensing.csv,act_running_hr_18,int64,0,0.0,1085,0
sensing.csv,Sensing\sensing.csv,act_running_hr_19,int64,0,0.0,807,0
sensing.csv,Sensing\sensing.csv,act_running_hr_2,int64,0,0.0,232,0
sensing.csv,Sensing\sensing.csv,act_running_hr_20,int64,0,0.0,661,0
sensing.csv,Sensing\sensing.csv,act_running_hr_21,int64,0,0.0,526,2
sensing.csv,Sensing\sensing.csv,act_running_hr_22,int64,0,0.0,493,0
sensing.csv,Sensing\sensing.csv,act_running_hr_23,int64,0,0.0,469,0
sensing.csv,Sensing\sensing.csv,act_running_hr_3,int64,0,0.0,168,0
sensing.csv,Sensing\sensing.csv,act_running_hr_4,int64,0,0.0,125,0
sensing.csv,Sensing\sensing.csv,act_running_hr_5,int64,0,0.0,128,0
sensing.csv,Sensing\sensing.csv,act_running_hr_6,int64,0,0.0,317,0
sensing.csv,Sensing\sensing.csv,act_running_hr_7,int64,0,0.0,608,0
sensing.csv,Sensing\sensing.csv,act_running_hr_8,int64,0,0.0,904,0
sensing.csv,Sensing\sensing.csv,act_running_hr_9,int64,0,0.0,1029,0
sensing.csv,Sensing\sensing.csv,act_still_ep_0,int64,0,0.0,36824,72169
sensing.csv,Sensing\sensing.csv,act_still_ep_1,int64,0,0.0,12533,32399
sensing.csv,Sensing\sensing.csv,act_still_ep_2,int64,0,0.0,24448,21777
sensing.csv,Sensing\sensing.csv,act_still_ep_3,int64,0,0.0,16798,17993
sensing.csv,Sensing\sensing.csv,act_still_hr_0,int64,0,0.0,3601,3599
sensing.csv,Sensing\sensing.csv,act_still_hr_1,int64,0,0.0,3566,3600
sensing.csv,Sensing\sensing.csv,act_still_hr_10,int64,0,0.0,3601,3372
sensing.csv,Sensing\sensing.csv,act_still_hr_11,int64,0,0.0,3601,2770
sensing.csv,Sensing\sensing.csv,act_still_hr_12,int64,0,0.0,3601,2042
sensing.csv,Sensing\sensing.csv,act_still_hr_13,int64,0,0.0,3601,2337
sensing.csv,Sensing\sensing.csv,act_still_hr_14,int64,0,0.0,3601,1716
sensing.csv,Sensing\sensing.csv,act_still_hr_15,int64,0,0.0,3601,924
sensing.csv,Sensing\sensing.csv,act_still_hr_16,int64,0,0.0,3601,3115
sensing.csv,Sensing\sensing.csv,act_still_hr_17,int64,0,0.0,3601,3512
sensing.csv,Sensing\sensing.csv,act_still_hr_18,int64,0,0.0,3601,2848
sensing.csv,Sensing\sensing.csv,act_still_hr_19,int64,0,0.0,3601,2333
sensing.csv,Sensing\sensing.csv,act_still_hr_2,int64,0,0.0,3283,3600
sensing.csv,Sensing\sensing.csv,act_still_hr_20,int64,0,0.0,3601,3365
sensing.csv,Sensing\sensing.csv,act_still_hr_21,int64,0,0.0,3601,2247
sensing.csv,Sensing\sensing.csv,act_still_hr_22,int64,0,0.0,3601,3600
sensing.csv,Sensing\sensing.csv,act_still_hr_23,int64,0,0.0,3601,3600
sensing.csv,Sensing\sensing.csv,act_still_hr_3,int64,0,0.0,2842,3600
sensing.csv,Sensing\sensing.csv,act_still_hr_4,int64,0,0.0,2620,3600
sensing.csv,Sensing\sensing.csv,act_still_hr_5,int64,0,0.0,2771,3600
sensing.csv,Sensing\sensing.csv,act_still_hr_6,int64,0,0.0,3330,3600
sensing.csv,Sensing\sensing.csv,act_still_hr_7,int64,0,0.0,3562,3600
sensing.csv,Sensing\sensing.csv,act_still_hr_8,int64,0,0.0,3599,3600
sensing.csv,Sensing\sensing.csv,act_still_hr_9,int64,0,0.0,3601,1989
sensing.csv,Sensing\sensing.csv,act_tilting_hr_0,float64,190960,0.8838081132992387,1850,0.0
sensing.csv,Sensing\sensing.csv,act_tilting_hr_1,float64,190960,0.8838081132992387,1940,0.0
sensing.csv,Sensing\sensing.csv,act_tilting_hr_10,float64,190960,0.8838081132992387,2247,0.0
sensing.csv,Sensing\sensing.csv,act_tilting_hr_11,float64,190960,0.8838081132992387,2569,44.0
sensing.csv,Sensing\sensing.csv,act_tilting_hr_12,float64,190960,0.8838081132992387,2375,204.0
sensing.csv,Sensing\sensing.csv,act_tilting_hr_13,float64,190960,0.8838081132992387,2303,122.0
sensing.csv,Sensing\sensing.csv,act_tilting_hr_14,float64,190960,0.8838081132992387,2311,54.0
sensing.csv,Sensing\sensing.csv,act_tilting_hr_15,float64,190960,0.8838081132992387,2349,96.0
sensing.csv,Sensing\sensing.csv,act_tilting_hr_16,float64,190960,0.8838081132992387,2425,1529.0
sensing.csv,Sensing\sensing.csv,act_tilting_hr_17,float64,190960,0.8838081132992387,2459,139.0
sensing.csv,Sensing\sensing.csv,act_tilting_hr_18,float64,190960,0.8838081132992387,2360,119.0
sensing.csv,Sensing\sensing.csv,act_tilting_hr_19,float64,190960,0.8838081132992387,2345,148.0
sensing.csv,Sensing\sensing.csv,act_tilting_hr_2,float64,190960,0.8838081132992387,1748,0.0
sensing.csv,Sensing\sensing.csv,act_tilting_hr_20,float64,190960,0.8838081132992387,2385,344.0
sensing.csv,Sensing\sensing.csv,act_tilting_hr_21,float64,190960,0.8838081132992387,2445,216.0
sensing.csv,Sensing\sensing.csv,act_tilting_hr_22,float64,190960,0.8838081132992387,2431,302.0
sensing.csv,Sensing\sensing.csv,act_tilting_hr_23,float64,190960,0.8838081132992387,2425,1537.0
sensing.csv,Sensing\sensing.csv,act_tilting_hr_3,float64,190960,0.8838081132992387,1557,0.0
sensing.csv,Sensing\sensing.csv,act_tilting_hr_4,float64,190960,0.8838081132992387,1458,0.0
sensing.csv,Sensing\sensing.csv,act_tilting_hr_5,float64,190960,0.8838081132992387,1417,0.0
sensing.csv,Sensing\sensing.csv,act_tilting_hr_6,float64,190960,0.8838081132992387,1827,0.0
sensing.csv,Sensing\sensing.csv,act_tilting_hr_7,float64,190960,0.8838081132992387,1902,0.0
sensing.csv,Sensing\sensing.csv,act_tilting_hr_8,float64,190960,0.8838081132992387,2132,0.0
sensing.csv,Sensing\sensing.csv,act_tilting_hr_9,float64,190960,0.8838081132992387,2358,0.0
sensing.csv,Sensing\sensing.csv,act_unknown_hr_0,int64,0,0.0,1582,0
sensing.csv,Sensing\sensing.csv,act_unknown_hr_1,int64,0,0.0,1322,0
sensing.csv,Sensing\sensing.csv,act_unknown_hr_10,int64,0,0.0,1697,0
sensing.csv,Sensing\sensing.csv,act_unknown_hr_11,int64,0,0.0,1795,0
sensing.csv,Sensing\sensing.csv,act_unknown_hr_12,int64,0,0.0,1849,0
sensing.csv,Sensing\sensing.csv,act_unknown_hr_13,int64,0,0.0,1876,0
sensing.csv,Sensing\sensing.csv,act_unknown_hr_14,int64,0,0.0,1909,0
sensing.csv,Sensing\sensing.csv,act_unknown_hr_15,int64,0,0.0,1882,0
sensing.csv,Sensing\sensing.csv,act_unknown_hr_16,int64,0,0.0,1896,0
sensing.csv,Sensing\sensing.csv,act_unknown_hr_17,int64,0,0.0,1907,0
sensing.csv,Sensing\sensing.csv,act_unknown_hr_18,int64,0,0.0,1922,0
sensing.csv,Sensing\sensing.csv,act_unknown_hr_19,int64,0,0.0,1842,0
sensing.csv,Sensing\sensing.csv,act_unknown_hr_2,int64,0,0.0,1032,0
sensing.csv,Sensing\sensing.csv,act_unknown_hr_20,int64,0,0.0,1809,0
sensing.csv,Sensing\sensing.csv,act_unknown_hr_21,int64,0,0.0,1792,0
sensing.csv,Sensing\sensing.csv,act_unknown_hr_22,int64,0,0.0,1793,0
sensing.csv,Sensing\sensing.csv,act_unknown_hr_23,int64,0,0.0,1743,0
sensing.csv,Sensing\sensing.csv,act_unknown_hr_3,int64,0,0.0,728,0
sensing.csv,Sensing\sensing.csv,act_unknown_hr_4,int64,0,0.0,564,0
sensing.csv,Sensing\sensing.csv,act_unknown_hr_5,int64,0,0.0,552,0
sensing.csv,Sensing\sensing.csv,act_unknown_hr_6,int64,0,0.0,776,0
sensing.csv,Sensing\sensing.csv,act_unknown_hr_7,int64,0,0.0,1122,0
sensing.csv,Sensing\sensing.csv,act_unknown_hr_8,int64,0,0.0,1332,0
sensing.csv,Sensing\sensing.csv,act_unknown_hr_9,int64,0,0.0,1540,0
sensing.csv,Sensing\sensing.csv,act_walking_ep_0,int64,0,0.0,28690,14223
sensing.csv,Sensing\sensing.csv,act_walking_ep_1,int64,0,0.0,9645,0
sensing.csv,Sensing\sensing.csv,act_walking_ep_2,int64,0,0.0,18437,10618
sensing.csv,Sensing\sensing.csv,act_walking_ep_3,int64,0,0.0,14647,3605
sensing.csv,Sensing\sensing.csv,act_walking_hr_0,int64,0,0.0,3599,0
sensing.csv,Sensing\sensing.csv,act_walking_hr_1,int64,0,0.0,3535,0
sensing.csv,Sensing\sensing.csv,act_walking_hr_10,int64,0,0.0,3583,228
sensing.csv,Sensing\sensing.csv,act_walking_hr_11,int64,0,0.0,3587,830
sensing.csv,Sensing\sensing.csv,act_walking_hr_12,int64,0,0.0,3591,1558
sensing.csv,Sensing\sensing.csv,act_walking_hr_13,int64,0,0.0,3594,1263
sensing.csv,Sensing\sensing.csv,act_walking_hr_14,int64,0,0.0,3601,1884
sensing.csv,Sensing\sensing.csv,act_walking_hr_15,int64,0,0.0,3597,2676
sensing.csv,Sensing\sensing.csv,act_walking_hr_16,int64,0,0.0,3600,485
sensing.csv,Sensing\sensing.csv,act_walking_hr_17,int64,0,0.0,3600,83
sensing.csv,Sensing\sensing.csv,act_walking_hr_18,int64,0,0.0,3593,752
sensing.csv,Sensing\sensing.csv,act_walking_hr_19,int64,0,0.0,3591,1267
sensing.csv,Sensing\sensing.csv,act_walking_hr_2,int64,0,0.0,3005,0
sensing.csv,Sensing\sensing.csv,act_walking_hr_20,int64,0,0.0,3597,235
sensing.csv,Sensing\sensing.csv,act_walking_hr_21,int64,0,0.0,3595,1351
sensing.csv,Sensing\sensing.csv,act_walking_hr_22,int64,0,0.0,3601,0
sensing.csv,Sensing\sensing.csv,act_walking_hr_23,int64,0,0.0,3601,0
sensing.csv,Sensing\sensing.csv,act_walking_hr_3,int64,0,0.0,2293,0
sensing.csv,Sensing\sensing.csv,act_walking_hr_4,int64,0,0.0,1856,0
sensing.csv,Sensing\sensing.csv,act_walking_hr_5,int64,0,0.0,1922,0
sensing.csv,Sensing\sensing.csv,act_walking_hr_6,int64,0,0.0,2496,0
sensing.csv,Sensing\sensing.csv,act_walking_hr_7,int64,0,0.0,2960,0
sensing.csv,Sensing\sensing.csv,act_walking_hr_8,int64,0,0.0,3349,0
sensing.csv,Sensing\sensing.csv,act_walking_hr_9,int64,0,0.0,3516,1611
sensing.csv,Sensing\sensing.csv,audio_amp_mean_ep_0,float64,162526,0.7522088260477171,46822,21642.4330115
sensing.csv,Sensing\sensing.csv,audio_amp_mean_ep_1,float64,163931,0.7587114988545114,45061,2682.83055787
sensing.csv,Sensing\sensing.csv,audio_amp_mean_ep_2,float64,163126,0.754985768171615,46107,26489.6073895
sensing.csv,Sensing\sensing.csv,audio_amp_mean_ep_3,float64,163525,0.7568324346840072,45630,11252.0429312
sensing.csv,Sensing\sensing.csv,audio_amp_mean_hr_0,float64,166617,0.7711429430958276,42601,2453.40594059
sensing.csv,Sensing\sensing.csv,audio_amp_mean_hr_1,float64,167003,0.7729294425288686,42259,2230.21690141
sensing.csv,Sensing\sensing.csv,audio_amp_mean_hr_10,float64,165934,0.7679818573114572,43291,3360.17991632
sensing.csv,Sensing\sensing.csv,audio_amp_mean_hr_11,float64,165843,0.7675606877559994,43404,7770.52742616
sensing.csv,Sensing\sensing.csv,audio_amp_mean_hr_12,float64,165703,0.7669127345937565,43565,41596.886747
sensing.csv,Sensing\sensing.csv,audio_amp_mean_hr_13,float64,165852,0.7676023418878578,43422,19892.0111421
sensing.csv,Sensing\sensing.csv,audio_amp_mean_hr_14,float64,165895,0.7678013560734038,43361,22721.5476839
sensing.csv,Sensing\sensing.csv,audio_amp_mean_hr_15,float64,166081,0.7686622081318122,43241,50071.7740113
sensing.csv,Sensing\sensing.csv,audio_amp_mean_hr_16,float64,166169,0.7690694929766505,43099,21852.8908451
sensing.csv,Sensing\sensing.csv,audio_amp_mean_hr_17,float64,165984,0.7682132691551153,43313,23433.6386555
sensing.csv,Sensing\sensing.csv,audio_amp_mean_hr_18,float64,165791,0.7673200194385948,43445,2696.88700565
sensing.csv,Sensing\sensing.csv,audio_amp_mean_hr_19,float64,165848,0.7675838289403651,43328,15921.1787709
sensing.csv,Sensing\sensing.csv,audio_amp_mean_hr_2,float64,167105,0.7734015226899312,42091,2330.35014006
sensing.csv,Sensing\sensing.csv,audio_amp_mean_hr_20,float64,166053,0.7685326174993636,43163,14291.5260223
sensing.csv,Sensing\sensing.csv,audio_amp_mean_hr_21,float64,166096,0.7687316316849097,43119,12412.1548117
sensing.csv,Sensing\sensing.csv,audio_amp_mean_hr_22,float64,166210,0.7692592506884502,43024,7113.12605042
sensing.csv,Sensing\sensing.csv,audio_amp_mean_hr_23,float64,166392,0.7701015897993659,42837,3762.24242424
sensing.csv,Sensing\sensing.csv,audio_amp_mean_hr_3,float64,167244,0.7740448476153009,41893,2453.63128492
sensing.csv,Sensing\sensing.csv,audio_amp_mean_hr_4,float64,167319,0.7743919653807881,41729,2356.80952381
sensing.csv,Sensing\sensing.csv,audio_amp_mean_hr_5,float64,167275,0.774188322958369,41771,2789.54867257
sensing.csv,Sensing\sensing.csv,audio_amp_mean_hr_6,float64,167096,0.7733598685580728,41916,2502.74556213
sensing.csv,Sensing\sensing.csv,audio_amp_mean_hr_7,float64,166749,0.7717538703630852,42343,2479.7740113
sensing.csv,Sensing\sensing.csv,audio_amp_mean_hr_8,float64,166379,0.7700414227200149,42737,7666.07563025
sensing.csv,Sensing\sensing.csv,audio_amp_mean_hr_9,float64,166070,0.7686112975262074,43089,11208.0303738
sensing.csv,Sensing\sensing.csv,audio_amp_std_ep_0,float64,162526,0.7522088260477171,46822,18109.8790228
sensing.csv,Sensing\sensing.csv,audio_amp_std_ep_1,float64,163931,0.7587114988545114,45062,2323.24602369
sensing.csv,Sensing\sensing.csv,audio_amp_std_ep_2,float64,163126,0.754985768171615,46107,19491.5709088
sensing.csv,Sensing\sensing.csv,audio_amp_std_ep_3,float64,163525,0.7568324346840072,45630,7633.86153493
sensing.csv,Sensing\sensing.csv,audio_amp_std_hr_0,float64,166617,0.7711429430958276,42735,1290.37910497
sensing.csv,Sensing\sensing.csv,audio_amp_std_hr_1,float64,167003,0.7729294425288686,42428,1315.07346798
sensing.csv,Sensing\sensing.csv,audio_amp_std_hr_10,float64,165934,0.7679818573114572,43329,4071.41826433
sensing.csv,Sensing\sensing.csv,audio_amp_std_hr_11,float64,165843,0.7675606877559994,43432,9426.66365603
sensing.csv,Sensing\sensing.csv,audio_amp_std_hr_12,float64,165703,0.7669127345937565,43571,15359.9419415
sensing.csv,Sensing\sensing.csv,audio_amp_std_hr_13,float64,165852,0.7676023418878578,43438,9807.59006172
sensing.csv,Sensing\sensing.csv,audio_amp_std_hr_14,float64,165895,0.7678013560734038,43387,18408.771522
sensing.csv,Sensing\sensing.csv,audio_amp_std_hr_15,float64,166081,0.7686622081318122,43255,20814.204921
sensing.csv,Sensing\sensing.csv,audio_amp_std_hr_16,float64,166169,0.7690694929766505,43114,12098.3581583
sensing.csv,Sensing\sensing.csv,audio_amp_std_hr_17,float64,165984,0.7682132691551153,43321,15273.498236
sensing.csv,Sensing\sensing.csv,audio_amp_std_hr_18,float64,165791,0.7673200194385948,43457,2539.91299702
sensing.csv,Sensing\sensing.csv,audio_amp_std_hr_19,float64,165848,0.7675838289403651,43343,5724.07519611
sensing.csv,Sensing\sensing.csv,audio_amp_std_hr_2,float64,167105,0.7734015226899312,42335,1441.17878459
sensing.csv,Sensing\sensing.csv,audio_amp_std_hr_20,float64,166053,0.7685326174993636,43170,6289.0019356
sensing.csv,Sensing\sensing.csv,audio_amp_std_hr_21,float64,166096,0.7687316316849097,43142,8519.62969103
sensing.csv,Sensing\sensing.csv,audio_amp_std_hr_22,float64,166210,0.7692592506884502,43067,5234.94397898
sensing.csv,Sensing\sensing.csv,audio_amp_std_hr_23,float64,166392,0.7701015897993659,42915,980.486048205
sensing.csv,Sensing\sensing.csv,audio_amp_std_hr_3,float64,167244,0.7740448476153009,42234,1657.87138153
sensing.csv,Sensing\sensing.csv,audio_amp_std_hr_4,float64,167319,0.7743919653807881,42147,1326.82648304
sensing.csv,Sensing\sensing.csv,audio_amp_std_hr_5,float64,167275,0.774188322958369,42126,1270.40986342
sensing.csv,Sensing\sensing.csv,audio_amp_std_hr_6,float64,167096,0.7733598685580728,42243,1507.38604633
sensing.csv,Sensing\sensing.csv,audio_amp_std_hr_7,float64,166749,0.7717538703630852,42541,1472.44911082
sensing.csv,Sensing\sensing.csv,audio_amp_std_hr_8,float64,166379,0.7700414227200149,42828,6529.26495813
sensing.csv,Sensing\sensing.csv,audio_amp_std_hr_9,float64,166070,0.7686112975262074,43161,5825.72313682
sensing.csv,Sensing\sensing.csv,audio_convo_duration_ep_0,float64,0,0.0,21878,4485.0
sensing.csv,Sensing\sensing.csv,audio_convo_duration_ep_1,float64,0,0.0,8312,0.0
sensing.csv,Sensing\sensing.csv,audio_convo_duration_ep_2,float64,0,0.0,18096,3236.0
sensing.csv,Sensing\sensing.csv,audio_convo_duration_ep_3,float64,0,0.0,17244,1249.0
sensing.csv,Sensing\sensing.csv,audio_convo_duration_hr_0,float64,0,0.0,4380,0.0
sensing.csv,Sensing\sensing.csv,audio_convo_duration_hr_1,float64,0,0.0,4683,0.0
sensing.csv,Sensing\sensing.csv,audio_convo_duration_hr_10,float64,0,0.0,8118,0.0
sensing.csv,Sensing\sensing.csv,audio_convo_duration_hr_11,float64,0,0.0,9396,0.0
sensing.csv,Sensing\sensing.csv,audio_convo_duration_hr_12,float64,0,0.0,10754,1957.0
sensing.csv,Sensing\sensing.csv,audio_convo_duration_hr_13,float64,0,0.0,10850,140.0
sensing.csv,Sensing\sensing.csv,audio_convo_duration_hr_14,float64,0,0.0,10541,160.0
sensing.csv,Sensing\sensing.csv,audio_convo_duration_hr_15,float64,0,0.0,10374,0.0
sensing.csv,Sensing\sensing.csv,audio_convo_duration_hr_16,float64,0,0.0,10268,899.0
sensing.csv,Sensing\sensing.csv,audio_convo_duration_hr_17,float64,0,0.0,10761,80.0
sensing.csv,Sensing\sensing.csv,audio_convo_duration_hr_18,float64,0,0.0,12210,0.0
sensing.csv,Sensing\sensing.csv,audio_convo_duration_hr_19,float64,0,0.0,12452,170.0
sensing.csv,Sensing\sensing.csv,audio_convo_duration_hr_2,float64,0,0.0,3118,0.0
sensing.csv,Sensing\sensing.csv,audio_convo_duration_hr_20,float64,0,0.0,11549,929.0
sensing.csv,Sensing\sensing.csv,audio_convo_duration_hr_21,float64,0,0.0,10355,150.0
sensing.csv,Sensing\sensing.csv,audio_convo_duration_hr_22,float64,0,0.0,9202,0.0
sensing.csv,Sensing\sensing.csv,audio_convo_duration_hr_23,float64,0,0.0,7826,0.0
sensing.csv,Sensing\sensing.csv,audio_convo_duration_hr_3,float64,0,0.0,2067,0.0
sensing.csv,Sensing\sensing.csv,audio_convo_duration_hr_4,float64,0,0.0,1461,0.0
sensing.csv,Sensing\sensing.csv,audio_convo_duration_hr_5,float64,0,0.0,1288,0.0
sensing.csv,Sensing\sensing.csv,audio_convo_duration_hr_6,float64,0,0.0,1548,0.0
sensing.csv,Sensing\sensing.csv,audio_convo_duration_hr_7,float64,0,0.0,2827,0.0
sensing.csv,Sensing\sensing.csv,audio_convo_duration_hr_8,float64,0,0.0,4597,0.0
sensing.csv,Sensing\sensing.csv,audio_convo_duration_hr_9,float64,0,0.0,6246,0.0
sensing.csv,Sensing\sensing.csv,audio_convo_num_ep_0,int64,0,0.0,87,10
sensing.csv,Sensing\sensing.csv,audio_convo_num_ep_1,int64,0,0.0,47,0
sensing.csv,Sensing\sensing.csv,audio_convo_num_ep_2,int64,0,0.0,48,6
sensing.csv,Sensing\sensing.csv,audio_convo_num_ep_3,int64,0,0.0,39,4
sensing.csv,Sensing\sensing.csv,audio_convo_num_hr_0,int64,0,0.0,11,0
sensing.csv,Sensing\sensing.csv,audio_convo_num_hr_1,int64,0,0.0,11,0
sensing.csv,Sensing\sensing.csv,audio_convo_num_hr_10,int64,0,0.0,13,0
sensing.csv,Sensing\sensing.csv,audio_convo_num_hr_11,int64,0,0.0,12,0
sensing.csv,Sensing\sensing.csv,audio_convo_num_hr_12,int64,0,0.0,13,1
sensing.csv,Sensing\sensing.csv,audio_convo_num_hr_13,int64,0,0.0,11,1
sensing.csv,Sensing\sensing.csv,audio_convo_num_hr_14,int64,0,0.0,13,1
sensing.csv,Sensing\sensing.csv,audio_convo_num_hr_15,int64,0,0.0,14,0
sensing.csv,Sensing\sensing.csv,audio_convo_num_hr_16,int64,0,0.0,13,2
sensing.csv,Sensing\sensing.csv,audio_convo_num_hr_17,int64,0,0.0,12,1
sensing.csv,Sensing\sensing.csv,audio_convo_num_hr_18,int64,0,0.0,14,0
sensing.csv,Sensing\sensing.csv,audio_convo_num_hr_19,int64,0,0.0,13,1
sensing.csv,Sensing\sensing.csv,audio_convo_num_hr_2,int64,0,0.0,11,0
sensing.csv,Sensing\sensing.csv,audio_convo_num_hr_20,int64,0,0.0,12,2
sensing.csv,Sensing\sensing.csv,audio_convo_num_hr_21,int64,0,0.0,13,1
sensing.csv,Sensing\sensing.csv,audio_convo_num_hr_22,int64,0,0.0,14,0
sensing.csv,Sensing\sensing.csv,audio_convo_num_hr_23,int64,0,0.0,12,0
sensing.csv,Sensing\sensing.csv,audio_convo_num_hr_3,int64,0,0.0,10,0
sensing.csv,Sensing\sensing.csv,audio_convo_num_hr_4,int64,0,0.0,10,0
sensing.csv,Sensing\sensing.csv,audio_convo_num_hr_5,int64,0,0.0,11,0
sensing.csv,Sensing\sensing.csv,audio_convo_num_hr_6,int64,0,0.0,12,0
sensing.csv,Sensing\sensing.csv,audio_convo_num_hr_7,int64,0,0.0,11,0
sensing.csv,Sensing\sensing.csv,audio_convo_num_hr_8,int64,0,0.0,13,0
sensing.csv,Sensing\sensing.csv,audio_convo_num_hr_9,int64,0,0.0,11,0
sensing.csv,Sensing\sensing.csv,audio_voice_ep_0,float64,0,0.0,46295,0.297857311043
sensing.csv,Sensing\sensing.csv,audio_voice_ep_1,float64,0,0.0,29358,0.0
sensing.csv,Sensing\sensing.csv,audio_voice_ep_2,float64,0,0.0,43876,0.247582872928
sensing.csv,Sensing\sensing.csv,audio_voice_ep_3,float64,0,0.0,41972,0.40562546262
sensing.csv,Sensing\sensing.csv,audio_voice_hr_0,float64,0,0.0,12258,0.0
sensing.csv,Sensing\sensing.csv,audio_voice_hr_1,float64,0,0.0,8974,0.0
sensing.csv,Sensing\sensing.csv,audio_voice_hr_10,float64,0,0.0,15388,0.0376569037657
sensing.csv,Sensing\sensing.csv,audio_voice_hr_11,float64,0,0.0,17241,0.0042194092827
sensing.csv,Sensing\sensing.csv,audio_voice_hr_12,float64,0,0.0,19316,0.574698795181
sensing.csv,Sensing\sensing.csv,audio_voice_hr_13,float64,0,0.0,19344,0.0696378830084
sensing.csv,Sensing\sensing.csv,audio_voice_hr_14,float64,0,0.0,18506,0.141689373297
sensing.csv,Sensing\sensing.csv,audio_voice_hr_15,float64,0,0.0,18164,0.0225988700565
sensing.csv,Sensing\sensing.csv,audio_voice_hr_16,float64,0,0.0,18068,0.239436619718
sensing.csv,Sensing\sensing.csv,audio_voice_hr_17,float64,0,0.0,19078,0.109243697479
sensing.csv,Sensing\sensing.csv,audio_voice_hr_18,float64,0,0.0,21720,0.0112994350282
sensing.csv,Sensing\sensing.csv,audio_voice_hr_19,float64,0,0.0,22033,0.815642458101
sensing.csv,Sensing\sensing.csv,audio_voice_hr_2,float64,0,0.0,5865,0.0
sensing.csv,Sensing\sensing.csv,audio_voice_hr_20,float64,0,0.0,20555,0.639405204461
sensing.csv,Sensing\sensing.csv,audio_voice_hr_21,float64,0,0.0,18990,0.196652719665
sensing.csv,Sensing\sensing.csv,audio_voice_hr_22,float64,0,0.0,17453,0.0756302521008
sensing.csv,Sensing\sensing.csv,audio_voice_hr_23,float64,0,0.0,14951,0.0
sensing.csv,Sensing\sensing.csv,audio_voice_hr_3,float64,0,0.0,3781,0.0
sensing.csv,Sensing\sensing.csv,audio_voice_hr_4,float64,0,0.0,2927,0.0
sensing.csv,Sensing\sensing.csv,audio_voice_hr_5,float64,0,0.0,2817,0.0
sensing.csv,Sensing\sensing.csv,audio_voice_hr_6,float64,0,0.0,3583,0.0
sensing.csv,Sensing\sensing.csv,audio_voice_hr_7,float64,0,0.0,6043,0.0
sensing.csv,Sensing\sensing.csv,audio_voice_hr_8,float64,0,0.0,9623,0.0
sensing.csv,Sensing\sensing.csv,audio_voice_hr_9,float64,0,0.0,12821,0.0
sensing.csv,Sensing\sensing.csv,call_in_duration_ep_0,float64,190960,0.8838081132992387,1911,0.0
sensing.csv,Sensing\sensing.csv,call_in_duration_ep_1,float64,190960,0.8838081132992387,660,0.0
sensing.csv,Sensing\sensing.csv,call_in_duration_ep_2,float64,190960,0.8838081132992387,1399,0.0
sensing.csv,Sensing\sensing.csv,call_in_duration_ep_3,float64,190960,0.8838081132992387,1119,0.0
sensing.csv,Sensing\sensing.csv,call_in_num_ep_0,float64,190960,0.8838081132992387,25,0.0
sensing.csv,Sensing\sensing.csv,call_in_num_ep_1,float64,190960,0.8838081132992387,18,0.0
sensing.csv,Sensing\sensing.csv,call_in_num_ep_2,float64,190960,0.8838081132992387,16,0.0
sensing.csv,Sensing\sensing.csv,call_in_num_ep_3,float64,190960,0.8838081132992387,13,0.0
sensing.csv,Sensing\sensing.csv,call_miss_num_ep_0,float64,190960,0.8838081132992387,8,0.0
sensing.csv,Sensing\sensing.csv,call_miss_num_ep_1,float64,190960,0.8838081132992387,5,0.0
sensing.csv,Sensing\sensing.csv,call_miss_num_ep_2,float64,190960,0.8838081132992387,7,0.0
sensing.csv,Sensing\sensing.csv,call_miss_num_ep_3,float64,190960,0.8838081132992387,5,0.0
sensing.csv,Sensing\sensing.csv,call_out_duration_ep_0,float64,190960,0.8838081132992387,2059,799.0
sensing.csv,Sensing\sensing.csv,call_out_duration_ep_1,float64,190960,0.8838081132992387,671,0.0
sensing.csv,Sensing\sensing.csv,call_out_duration_ep_2,float64,190960,0.8838081132992387,1608,799.0
sensing.csv,Sensing\sensing.csv,call_out_duration_ep_3,float64,190960,0.8838081132992387,1251,0.0
sensing.csv,Sensing\sensing.csv,call_out_num_ep_0,float64,190960,0.8838081132992387,33,2.0
sensing.csv,Sensing\sensing.csv,call_out_num_ep_1,float64,190960,0.8838081132992387,19,0.0
sensing.csv,Sensing\sensing.csv,call_out_num_ep_2,float64,190960,0.8838081132992387,25,2.0
sensing.csv,Sensing\sensing.csv,call_out_num_ep_3,float64,190960,0.8838081132992387,21,0.0
sensing.csv,Sensing\sensing.csv,light_mean_ep_0,float64,193220,0.8942679286325874,22748,99.9756182515
sensing.csv,Sensing\sensing.csv,light_mean_ep_1,float64,193878,0.8973133084951288,21277,32.7074797523
sensing.csv,Sensing\sensing.csv,light_mean_ep_2,float64,193574,0.8959063244856872,22401,161.487838777
sensing.csv,Sensing\sensing.csv,light_mean_ep_3,float64,193664,0.8963228658042719,22201,38.1627094972
sensing.csv,Sensing\sensing.csv,light_std_ep_0,float64,193220,0.8942679286325874,22747,264673.074292
sensing.csv,Sensing\sensing.csv,light_std_ep_1,float64,193878,0.8973133084951288,21316,192308.218386
sensing.csv,Sensing\sensing.csv,light_std_ep_2,float64,193574,0.8959063244856872,22405,512948.755759
sensing.csv,Sensing\sensing.csv,light_std_ep_3,float64,193664,0.8963228658042719,22235,7560.66975467
sensing.csv,Sensing\sensing.csv,loc_dist_ep_0,float64,43500,0.20132830398259782,156950,5358.16721698
sensing.csv,Sensing\sensing.csv,loc_dist_ep_1,float64,50227,0.23246245342836647,76932,875.603131486
sensing.csv,Sensing\sensing.csv,loc_dist_ep_2,float64,45419,0.21020989054219796,147094,3232.56121235
sensing.csv,Sensing\sensing.csv,loc_dist_ep_3,float64,47557,0.22010506097702082,122543,1591.4486218
sensing.csv,Sensing\sensing.csv,loc_dist_hr_0,float64,59832,0.27691666859509867,20438,0.0
sensing.csv,Sensing\sensing.csv,loc_dist_hr_1,float64,60340,0.2792678129266656,13683,0.0
sensing.csv,Sensing\sensing.csv,loc_dist_hr_10,float64,58409,0.2703306875245875,50431,0.0
sensing.csv,Sensing\sensing.csv,loc_dist_hr_11,float64,57594,0.2665586744729595,62916,445.454014965
sensing.csv,Sensing\sensing.csv,loc_dist_hr_12,float64,57272,0.265068382199801,75285,257.707425157
sensing.csv,Sensing\sensing.csv,loc_dist_hr_13,float64,57442,0.26585518246823875,67809,83.7878211335
sensing.csv,Sensing\sensing.csv,loc_dist_hr_14,float64,57646,0.266799342790364,67975,438.244032313
sensing.csv,Sensing\sensing.csv,loc_dist_hr_15,float64,57710,0.2670955499502465,63878,1301.61152806
sensing.csv,Sensing\sensing.csv,loc_dist_hr_16,float64,57658,0.266854881632842,64933,60.2499364528
sensing.csv,Sensing\sensing.csv,loc_dist_hr_17,float64,57043,0.2640085159558466,66992,85.1523473294
sensing.csv,Sensing\sensing.csv,loc_dist_hr_18,float64,57063,0.2641010806933099,71472,0.0
sensing.csv,Sensing\sensing.csv,loc_dist_hr_19,float64,58122,0.2690023835419897,62103,581.883105134
sensing.csv,Sensing\sensing.csv,loc_dist_hr_2,float64,61063,0.28261402818596254,8176,0.0
sensing.csv,Sensing\sensing.csv,loc_dist_hr_20,float64,58544,0.27095549950246456,49780,195.21274309
sensing.csv,Sensing\sensing.csv,loc_dist_hr_21,float64,58233,0.2695161178349108,41045,452.973068566
sensing.csv,Sensing\sensing.csv,loc_dist_hr_22,float64,58102,0.2689098188045264,33488,0.0
sensing.csv,Sensing\sensing.csv,loc_dist_hr_23,float64,58404,0.2703075463402217,27387,0.0
sensing.csv,Sensing\sensing.csv,loc_dist_hr_3,float64,64051,0.2964431999629741,5254,0.0
sensing.csv,Sensing\sensing.csv,loc_dist_hr_4,float64,61317,0.283789600351746,4589,0.0
sensing.csv,Sensing\sensing.csv,loc_dist_hr_5,float64,61455,0.28442829704024253,5365,0.0
sensing.csv,Sensing\sensing.csv,loc_dist_hr_6,float64,61392,0.28413671811723323,9048,0.0
sensing.csv,Sensing\sensing.csv,loc_dist_hr_7,float64,60559,0.2802813968018883,19094,0.0
sensing.csv,Sensing\sensing.csv,loc_dist_hr_8,float64,59526,0.2755004281119108,36652,875.603131486
sensing.csv,Sensing\sensing.csv,loc_dist_hr_9,float64,58888,0.27254761298683267,42045,0.0
sensing.csv,Sensing\sensing.csv,loc_food_audio_amp,float64,200045,0.925855645291926,14478,14126.25
sensing.csv,Sensing\sensing.csv,loc_food_audio_voice,float64,162752,0.753254807581052,14786,0.0333333333333
sensing.csv,Sensing\sensing.csv,loc_food_convo_duration,float64,162752,0.753254807581052,13475,0.0
sensing.csv,Sensing\sensing.csv,loc_food_convo_num,float64,162752,0.753254807581052,9260,0.0
sensing.csv,Sensing\sensing.csv,loc_food_dur,float64,852,0.0039432578159350196,15372,1.16666666667
sensing.csv,Sensing\sensing.csv,loc_food_still,float64,162752,0.753254807581052,47832,59.9857142857
sensing.csv,Sensing\sensing.csv,loc_food_unlock_duration,float64,162752,0.753254807581052,49512,0.00214285714286
sensing.csv,Sensing\sensing.csv,loc_food_unlock_num,float64,162752,0.753254807581052,25197,2.57142857143
sensing.csv,Sensing\sensing.csv,loc_health_dur,float64,852,0.0039432578159350196,661,0.0
sensing.csv,Sensing\sensing.csv,loc_home_audio_amp,float64,180456,0.8351931131835327,31983,2089.26122493
sensing.csv,Sensing\sensing.csv,loc_home_audio_voice,float64,78584,0.36370536644065443,32522,0.0
sensing.csv,Sensing\sensing.csv,loc_home_convo_duration,float64,78584,0.36370536644065443,26632,0.0
sensing.csv,Sensing\sensing.csv,loc_home_convo_num,float64,78584,0.36370536644065443,24771,0.0
sensing.csv,Sensing\sensing.csv,loc_home_dur,float64,852,0.0039432578159350196,55612,18.3347222222
sensing.csv,Sensing\sensing.csv,loc_home_still,float64,78584,0.36370536644065443,134727,59.5873039921
sensing.csv,Sensing\sensing.csv,loc_home_unlock_duration,float64,78584,0.36370536644065443,130290,5.01224937505
sensing.csv,Sensing\sensing.csv,loc_home_unlock_num,float64,78584,0.36370536644065443,108349,2.29073555034
sensing.csv,Sensing\sensing.csv,loc_leisure_dur,float64,852,0.0039432578159350196,4468,0.0
sensing.csv,Sensing\sensing.csv,loc_max_dis_from_campus_ep_0,float64,45626,0.21116793557494273,169561,385.917844141
sensing.csv,Sensing\sensing.csv,loc_max_dis_from_campus_ep_1,float64,50538,0.23390183509592022,164820,339.741070621
sensing.csv,Sensing\sensing.csv,loc_max_dis_from_campus_ep_2,float64,47667,0.22061416703306874,167742,349.877119485
sensing.csv,Sensing\sensing.csv,loc_max_dis_from_campus_ep_3,float64,49080,0.2271538657348483,166300,385.917844141
sensing.csv,Sensing\sensing.csv,loc_max_dis_from_campus_hr_0,float64,58598,0.2712054242936153,156901,339.741070621
sensing.csv,Sensing\sensing.csv,loc_max_dis_from_campus_hr_1,float64,58086,0.2688357670145558,157379,339.741070621
sensing.csv,Sensing\sensing.csv,loc_max_dis_from_campus_hr_10,float64,62094,0.2873857404021938,153492,349.877119485
sensing.csv,Sensing\sensing.csv,loc_max_dis_from_campus_hr_11,float64,62733,0.29034318376414503,152859,349.877119485
sensing.csv,Sensing\sensing.csv,loc_max_dis_from_campus_hr_12,float64,63475,0.2937773355240321,152123,341.654625847
sensing.csv,Sensing\sensing.csv,loc_max_dis_from_campus_hr_13,float64,64102,0.29667924004350543,151467,574.667504529
sensing.csv,Sensing\sensing.csv,loc_max_dis_from_campus_hr_14,float64,64488,0.2984657394765464,151139,333.953044107
sensing.csv,Sensing\sensing.csv,loc_max_dis_from_campus_hr_15,float64,64827,0.3000347117765487,150792,333.953044107
sensing.csv,Sensing\sensing.csv,loc_max_dis_from_campus_hr_16,float64,64358,0.2978640686830352,151243,339.741070621
sensing.csv,Sensing\sensing.csv,loc_max_dis_from_campus_hr_17,float64,63040,0.2917640524842061,152562,339.741070621
sensing.csv,Sensing\sensing.csv,loc_max_dis_from_campus_hr_18,float64,61720,0.28565477981163073,153861,339.741070621
sensing.csv,Sensing\sensing.csv,loc_max_dis_from_campus_hr_19,float64,60966,0.28216508920926575,154627,385.917844141
sensing.csv,Sensing\sensing.csv,loc_max_dis_from_campus_hr_2,float64,58677,0.27157105500659523,156805,339.741070621
sensing.csv,Sensing\sensing.csv,loc_max_dis_from_campus_hr_20,float64,59737,0.2764769860921482,155852,385.917844141
sensing.csv,Sensing\sensing.csv,loc_max_dis_from_campus_hr_21,float64,58249,0.2695901696248814,157327,349.877119485
sensing.csv,Sensing\sensing.csv,loc_max_dis_from_campus_hr_22,float64,57263,0.26502672806794253,158299,349.877119485
sensing.csv,Sensing\sensing.csv,loc_max_dis_from_campus_hr_23,float64,57910,0.2680211973248791,157633,349.877119485
sensing.csv,Sensing\sensing.csv,loc_max_dis_from_campus_hr_3,float64,59219,0.2740795593918497,156250,339.741070621
sensing.csv,Sensing\sensing.csv,loc_max_dis_from_campus_hr_4,float64,59512,0.2754356327956865,155957,339.741070621
sensing.csv,Sensing\sensing.csv,loc_max_dis_from_campus_hr_5,float64,59996,0.2776756994422975,155491,339.741070621
sensing.csv,Sensing\sensing.csv,loc_max_dis_from_campus_hr_6,float64,60188,0.2785643209219448,155331,339.741070621
sensing.csv,Sensing\sensing.csv,loc_max_dis_from_campus_hr_7,float64,60202,0.27862911623816905,155356,339.741070621
sensing.csv,Sensing\sensing.csv,loc_max_dis_from_campus_hr_8,float64,60557,0.280272140328142,155028,339.741070621
sensing.csv,Sensing\sensing.csv,loc_max_dis_from_campus_hr_9,float64,61380,0.2840811792747553,154214,339.741070621
sensing.csv,Sensing\sensing.csv,loc_other_dorm_audio_amp,float64,207038,0.9582209057459561,7917,13970.1761745
sensing.csv,Sensing\sensing.csv,loc_other_dorm_audio_voice,float64,184213,0.8525813991160067,7681,0.370805369128
sensing.csv,Sensing\sensing.csv,loc_other_dorm_convo_duration,float64,184213,0.8525813991160067,6417,13.2873453853
sensing.csv,Sensing\sensing.csv,loc_other_dorm_convo_num,float64,184213,0.8525813991160067,5086,1.71265461465
sensing.csv,Sensing\sensing.csv,loc_other_dorm_dur,float64,852,0.0039432578159350196,11376,0.0
sensing.csv,Sensing\sensing.csv,loc_other_dorm_still,float64,184213,0.8525813991160067,29227,49.1389153187
sensing.csv,Sensing\sensing.csv,loc_other_dorm_unlock_duration,float64,184213,0.8525813991160067,28997,0.218006660324
sensing.csv,Sensing\sensing.csv,loc_other_dorm_unlock_num,float64,184213,0.8525813991160067,17912,2.56898192198
sensing.csv,Sensing\sensing.csv,loc_self_dorm_audio_amp,float64,196351,0.9087589382824613,18315,2089.26122493
sensing.csv,Sensing\sensing.csv,loc_self_dorm_audio_voice,float64,150662,0.6972994237845093,18859,0.0
sensing.csv,Sensing\sensing.csv,loc_self_dorm_convo_duration,float64,150662,0.6972994237845093,15020,0.0
sensing.csv,Sensing\sensing.csv,loc_self_dorm_convo_num,float64,150662,0.6972994237845093,13899,0.0
sensing.csv,Sensing\sensing.csv,loc_self_dorm_dur,float64,852,0.0039432578159350196,28968,18.3347222222
sensing.csv,Sensing\sensing.csv,loc_self_dorm_still,float64,150662,0.6972994237845093,64656,59.5873039921
sensing.csv,Sensing\sensing.csv,loc_self_dorm_unlock_duration,float64,150662,0.6972994237845093,62612,5.01224937505
sensing.csv,Sensing\sensing.csv,loc_self_dorm_unlock_num,float64,150662,0.6972994237845093,54101,2.29073555034
sensing.csv,Sensing\sensing.csv,loc_social_audio_amp,float64,208711,0.9659639460347581,6438,13970.1761745
sensing.csv,Sensing\sensing.csv,loc_social_audio_voice,float64,190715,0.8826741952653137,6397,0.370805369128
sensing.csv,Sensing\sensing.csv,loc_social_convo_duration,float64,190715,0.8826741952653137,5546,13.2873453853
sensing.csv,Sensing\sensing.csv,loc_social_convo_num,float64,190715,0.8826741952653137,4171,1.71265461465
sensing.csv,Sensing\sensing.csv,loc_social_dur,float64,852,0.0039432578159350196,7803,0.0
sensing.csv,Sensing\sensing.csv,loc_social_still,float64,190715,0.8826741952653137,23369,49.1389153187
sensing.csv,Sensing\sensing.csv,loc_social_unlock_duration,float64,190715,0.8826741952653137,23550,0.218006660324
sensing.csv,Sensing\sensing.csv,loc_social_unlock_num,float64,190715,0.8826741952653137,12902,2.56898192198
sensing.csv,Sensing\sensing.csv,loc_study_audio_amp,float64,198377,0.9181357461874898,16074,7132.01087911
sensing.csv,Sensing\sensing.csv,loc_study_audio_voice,float64,156885,0.7261009418462037,17192,0.0650936909283
sensing.csv,Sensing\sensing.csv,loc_study_convo_duration,float64,156885,0.7261009418462037,14595,2.55697609783
sensing.csv,Sensing\sensing.csv,loc_study_convo_num,float64,156885,0.7261009418462037,11999,1.33407448583
sensing.csv,Sensing\sensing.csv,loc_study_dur,float64,852,0.0039432578159350196,20862,1.49916666667
sensing.csv,Sensing\sensing.csv,loc_study_still,float64,156885,0.7261009418462037,55626,46.6147859922
sensing.csv,Sensing\sensing.csv,loc_study_unlock_duration,float64,156885,0.7261009418462037,55563,3.87685380767
sensing.csv,Sensing\sensing.csv,loc_study_unlock_num,float64,156885,0.7261009418462037,36377,5.3362979433
sensing.csv,Sensing\sensing.csv,loc_visit_num_ep_0,float64,41184,0.19060930738435194,17,4.0
sensing.csv,Sensing\sensing.csv,loc_visit_num_ep_1,float64,48899,0.22631615486080578,11,3.0
sensing.csv,Sensing\sensing.csv,loc_visit_num_ep_2,float64,43590,0.2017448453011825,13,3.0
sensing.csv,Sensing\sensing.csv,loc_visit_num_ep_3,float64,45686,0.21144562978733253,12,3.0
sensing.csv,Sensing\sensing.csv,loc_visit_num_hr_0,float64,55876,0.2586073635248652,6,1.0
sensing.csv,Sensing\sensing.csv,loc_visit_num_hr_1,float64,57070,0.26413347835142204,7,1.0
sensing.csv,Sensing\sensing.csv,loc_visit_num_hr_10,float64,53949,0.24968875107027977,6,1.0
sensing.csv,Sensing\sensing.csv,loc_visit_num_hr_11,float64,53354,0.2469349501307477,6,1.0
sensing.csv,Sensing\sensing.csv,loc_visit_num_hr_12,float64,52800,0.2443709069030153,6,1.0
sensing.csv,Sensing\sensing.csv,loc_visit_num_hr_13,float64,52846,0.2445838057991808,6,0.0
sensing.csv,Sensing\sensing.csv,loc_visit_num_hr_14,float64,52982,0.245213246013931,6,1.0
sensing.csv,Sensing\sensing.csv,loc_visit_num_hr_15,float64,53091,0.24571772383310578,6,1.0
sensing.csv,Sensing\sensing.csv,loc_visit_num_hr_16,float64,53023,0.24540300372573068,6,0.0
sensing.csv,Sensing\sensing.csv,loc_visit_num_hr_17,float64,52516,0.24305648763103696,6,0.0
sensing.csv,Sensing\sensing.csv,loc_visit_num_hr_18,float64,52514,0.24304723115729063,6,0.0
sensing.csv,Sensing\sensing.csv,loc_visit_num_hr_19,float64,53405,0.247170990211279,6,2.0
sensing.csv,Sensing\sensing.csv,loc_visit_num_hr_2,float64,58141,0.26909032004257977,6,1.0
sensing.csv,Sensing\sensing.csv,loc_visit_num_hr_20,float64,53896,0.24944345451600214,6,2.0
sensing.csv,Sensing\sensing.csv,loc_visit_num_hr_21,float64,53781,0.24891120727558835,6,1.0
sensing.csv,Sensing\sensing.csv,loc_visit_num_hr_22,float64,53835,0.24916113206673918,6,1.0
sensing.csv,Sensing\sensing.csv,loc_visit_num_hr_23,float64,54382,0.25169277763635944,6,1.0
sensing.csv,Sensing\sensing.csv,loc_visit_num_hr_3,float64,58763,0.27196908337768727,6,1.0
sensing.csv,Sensing\sensing.csv,loc_visit_num_hr_4,float64,59073,0.27340383680836783,5,1.0
sensing.csv,Sensing\sensing.csv,loc_visit_num_hr_5,float64,59325,0.27457015250040495,6,1.0
sensing.csv,Sensing\sensing.csv,loc_visit_num_hr_6,float64,58935,0.27276514011987135,6,1.0
sensing.csv,Sensing\sensing.csv,loc_visit_num_hr_7,float64,57689,0.26699835697591,6,1.0
sensing.csv,Sensing\sensing.csv,loc_visit_num_hr_8,float64,56182,0.26002360400805313,6,3.0
sensing.csv,Sensing\sensing.csv,loc_visit_num_hr_9,float64,55010,0.2545993103927059,7,1.0
sensing.csv,Sensing\sensing.csv,loc_workout_dur,float64,852,0.0039432578159350196,5694,0.0
sensing.csv,Sensing\sensing.csv,loc_worship_dur,float64,852,0.0039432578159350196,1619,0.999444444444
sensing.csv,Sensing\sensing.csv,other_playing_duration_ep_0,float64,25104,0.11618725846388818,20841,2400.0
sensing.csv,Sensing\sensing.csv,other_playing_duration_ep_1,float64,25104,0.11618725846388818,12814,0.0
sensing.csv,Sensing\sensing.csv,other_playing_duration_ep_2,float64,25104,0.11618725846388818,18186,0.0
sensing.csv,Sensing\sensing.csv,other_playing_duration_ep_3,float64,25104,0.11618725846388818,13489,2400.0
sensing.csv,Sensing\sensing.csv,other_playing_duration_hr_0,float64,25104,0.11618725846388818,3476,0.0
sensing.csv,Sensing\sensing.csv,other_playing_duration_hr_1,float64,25104,0.11618725846388818,3539,0.0
sensing.csv,Sensing\sensing.csv,other_playing_duration_hr_10,float64,25104,0.11618725846388818,3586,0.0
sensing.csv,Sensing\sensing.csv,other_playing_duration_hr_11,float64,25104,0.11618725846388818,3578,0.0
sensing.csv,Sensing\sensing.csv,other_playing_duration_hr_12,float64,25104,0.11618725846388818,3583,0.0
sensing.csv,Sensing\sensing.csv,other_playing_duration_hr_13,float64,25104,0.11618725846388818,3588,0.0
sensing.csv,Sensing\sensing.csv,other_playing_duration_hr_14,float64,25104,0.11618725846388818,3589,0.0
sensing.csv,Sensing\sensing.csv,other_playing_duration_hr_15,float64,25104,0.11618725846388818,3591,0.0
sensing.csv,Sensing\sensing.csv,other_playing_duration_hr_16,float64,25104,0.11618725846388818,3592,0.0
sensing.csv,Sensing\sensing.csv,other_playing_duration_hr_17,float64,25104,0.11618725846388818,3594,0.0
sensing.csv,Sensing\sensing.csv,other_playing_duration_hr_18,float64,25104,0.11618725846388818,3586,600.0
sensing.csv,Sensing\sensing.csv,other_playing_duration_hr_19,float64,25104,0.11618725846388818,3576,0.0
sensing.csv,Sensing\sensing.csv,other_playing_duration_hr_2,float64,25104,0.11618725846388818,3397,0.0
sensing.csv,Sensing\sensing.csv,other_playing_duration_hr_20,float64,25104,0.11618725846388818,3590,0.0
sensing.csv,Sensing\sensing.csv,other_playing_duration_hr_21,float64,25104,0.11618725846388818,3590,0.0
sensing.csv,Sensing\sensing.csv,other_playing_duration_hr_22,float64,25104,0.11618725846388818,3591,681.0
sensing.csv,Sensing\sensing.csv,other_playing_duration_hr_23,float64,25104,0.11618725846388818,3540,1119.0
sensing.csv,Sensing\sensing.csv,other_playing_duration_hr_3,float64,25104,0.11618725846388818,3016,0.0
sensing.csv,Sensing\sensing.csv,other_playing_duration_hr_4,float64,25104,0.11618725846388818,2523,0.0
sensing.csv,Sensing\sensing.csv,other_playing_duration_hr_5,float64,25104,0.11618725846388818,2369,0.0
sensing.csv,Sensing\sensing.csv,other_playing_duration_hr_6,float64,25104,0.11618725846388818,2866,0.0
sensing.csv,Sensing\sensing.csv,other_playing_duration_hr_7,float64,25104,0.11618725846388818,3329,0.0
sensing.csv,Sensing\sensing.csv,other_playing_duration_hr_8,float64,25104,0.11618725846388818,3519,0.0
sensing.csv,Sensing\sensing.csv,other_playing_duration_hr_9,float64,25104,0.11618725846388818,3581,0.0
sensing.csv,Sensing\sensing.csv,other_playing_num_ep_0,float64,25104,0.11618725846388818,27,2.0
sensing.csv,Sensing\sensing.csv,other_playing_num_ep_1,float64,25104,0.11618725846388818,14,0.0
sensing.csv,Sensing\sensing.csv,other_playing_num_ep_2,float64,25104,0.11618725846388818,17,0.0
sensing.csv,Sensing\sensing.csv,other_playing_num_ep_3,float64,25104,0.11618725846388818,12,2.0
sensing.csv,Sensing\sensing.csv,other_playing_num_hr_0,float64,25104,0.11618725846388818,5,0.0
sensing.csv,Sensing\sensing.csv,other_playing_num_hr_1,float64,25104,0.11618725846388818,5,0.0
sensing.csv,Sensing\sensing.csv,other_playing_num_hr_10,float64,25104,0.11618725846388818,5,0.0
sensing.csv,Sensing\sensing.csv,other_playing_num_hr_11,float64,25104,0.11618725846388818,5,0.0
sensing.csv,Sensing\sensing.csv,other_playing_num_hr_12,float64,25104,0.11618725846388818,5,0.0
sensing.csv,Sensing\sensing.csv,other_playing_num_hr_13,float64,25104,0.11618725846388818,5,0.0
sensing.csv,Sensing\sensing.csv,other_playing_num_hr_14,float64,25104,0.11618725846388818,5,0.0
sensing.csv,Sensing\sensing.csv,other_playing_num_hr_15,float64,25104,0.11618725846388818,5,0.0
sensing.csv,Sensing\sensing.csv,other_playing_num_hr_16,float64,25104,0.11618725846388818,5,0.0
sensing.csv,Sensing\sensing.csv,other_playing_num_hr_17,float64,25104,0.11618725846388818,5,0.0
sensing.csv,Sensing\sensing.csv,other_playing_num_hr_18,float64,25104,0.11618725846388818,5,1.0
sensing.csv,Sensing\sensing.csv,other_playing_num_hr_19,float64,25104,0.11618725846388818,5,0.0
sensing.csv,Sensing\sensing.csv,other_playing_num_hr_2,float64,25104,0.11618725846388818,5,0.0
sensing.csv,Sensing\sensing.csv,other_playing_num_hr_20,float64,25104,0.11618725846388818,5,0.0
sensing.csv,Sensing\sensing.csv,other_playing_num_hr_21,float64,25104,0.11618725846388818,5,0.0
sensing.csv,Sensing\sensing.csv,other_playing_num_hr_22,float64,25104,0.11618725846388818,5,1.0
sensing.csv,Sensing\sensing.csv,other_playing_num_hr_23,float64,25104,0.11618725846388818,5,1.0
sensing.csv,Sensing\sensing.csv,other_playing_num_hr_3,float64,25104,0.11618725846388818,5,0.0
sensing.csv,Sensing\sensing.csv,other_playing_num_hr_4,float64,25104,0.11618725846388818,4,0.0
sensing.csv,Sensing\sensing.csv,other_playing_num_hr_5,float64,25104,0.11618725846388818,5,0.0
sensing.csv,Sensing\sensing.csv,other_playing_num_hr_6,float64,25104,0.11618725846388818,5,0.0
sensing.csv,Sensing\sensing.csv,other_playing_num_hr_7,float64,25104,0.11618725846388818,5,0.0
sensing.csv,Sensing\sensing.csv,other_playing_num_hr_8,float64,25104,0.11618725846388818,5,0.0
sensing.csv,Sensing\sensing.csv,other_playing_num_hr_9,float64,25104,0.11618725846388818,5,0.0
sensing.csv,Sensing\sensing.csv,quality_activity,int64,0,0.0,25,17
sensing.csv,Sensing\sensing.csv,quality_audio,int64,0,0.0,25,14
sensing.csv,Sensing\sensing.csv,quality_light,float64,190960,0.8838081132992387,25,13.0
sensing.csv,Sensing\sensing.csv,quality_loc,int64,0,0.0,25,14
sensing.csv,Sensing\sensing.csv,sleep_duration,float64,0,0.0,138,10.0
sensing.csv,Sensing\sensing.csv,sleep_end,int64,0,0.0,137,104
sensing.csv,Sensing\sensing.csv,sleep_start,int64,0,0.0,138,24
sensing.csv,Sensing\sensing.csv,sms_in_num_ep_0,float64,190960,0.8838081132992387,291,12.0
sensing.csv,Sensing\sensing.csv,sms_in_num_ep_1,float64,190960,0.8838081132992387,104,0.0
sensing.csv,Sensing\sensing.csv,sms_in_num_ep_2,float64,190960,0.8838081132992387,166,1.0
sensing.csv,Sensing\sensing.csv,sms_in_num_ep_3,float64,190960,0.8838081132992387,172,11.0
sensing.csv,Sensing\sensing.csv,sms_out_num_ep_0,float64,190960,0.8838081132992387,252,9.0
sensing.csv,Sensing\sensing.csv,sms_out_num_ep_1,float64,190960,0.8838081132992387,90,0.0
sensing.csv,Sensing\sensing.csv,sms_out_num_ep_2,float64,190960,0.8838081132992387,162,0.0
sensing.csv,Sensing\sensing.csv,sms_out_num_ep_3,float64,190960,0.8838081132992387,143,9.0
sensing.csv,Sensing\sensing.csv,unlock_duration_ep_0,float64,0,0.0,210920,4869.0
sensing.csv,Sensing\sensing.csv,unlock_duration_ep_1,float64,0,0.0,188006,0.0
sensing.csv,Sensing\sensing.csv,unlock_duration_ep_2,float64,0,0.0,208267,2091.008
sensing.csv,Sensing\sensing.csv,unlock_duration_ep_3,float64,0,0.0,205474,2777.992
sensing.csv,Sensing\sensing.csv,unlock_duration_hr_0,float64,0,0.0,113176,0.0
sensing.csv,Sensing\sensing.csv,unlock_duration_hr_1,float64,0,0.0,77953,0.0
sensing.csv,Sensing\sensing.csv,unlock_duration_hr_10,float64,0,0.0,154728,322.866
sensing.csv,Sensing\sensing.csv,unlock_duration_hr_11,float64,0,0.0,164360,55.291
sensing.csv,Sensing\sensing.csv,unlock_duration_hr_12,float64,0,0.0,170540,49.049
sensing.csv,Sensing\sensing.csv,unlock_duration_hr_13,float64,0,0.0,169093,59.88
sensing.csv,Sensing\sensing.csv,unlock_duration_hr_14,float64,0,0.0,169274,858.89
sensing.csv,Sensing\sensing.csv,unlock_duration_hr_15,float64,0,0.0,166604,571.902
sensing.csv,Sensing\sensing.csv,unlock_duration_hr_16,float64,0,0.0,168125,173.08
sensing.csv,Sensing\sensing.csv,unlock_duration_hr_17,float64,0,0.0,170704,0.05
sensing.csv,Sensing\sensing.csv,unlock_duration_hr_18,float64,0,0.0,171454,640.055
sensing.csv,Sensing\sensing.csv,unlock_duration_hr_19,float64,0,0.0,168896,279.075
sensing.csv,Sensing\sensing.csv,unlock_duration_hr_2,float64,0,0.0,47583,0.0
sensing.csv,Sensing\sensing.csv,unlock_duration_hr_20,float64,0,0.0,169243,630.794
sensing.csv,Sensing\sensing.csv,unlock_duration_hr_21,float64,0,0.0,170041,405.168
sensing.csv,Sensing\sensing.csv,unlock_duration_hr_22,float64,0,0.0,163141,393.9
sensing.csv,Sensing\sensing.csv,unlock_duration_hr_23,float64,0,0.0,143322,429.0
sensing.csv,Sensing\sensing.csv,unlock_duration_hr_3,float64,0,0.0,26548,0.0
sensing.csv,Sensing\sensing.csv,unlock_duration_hr_4,float64,0,0.0,17702,0.0
sensing.csv,Sensing\sensing.csv,unlock_duration_hr_5,float64,0,0.0,18395,0.0
sensing.csv,Sensing\sensing.csv,unlock_duration_hr_6,float64,0,0.0,33572,0.0
sensing.csv,Sensing\sensing.csv,unlock_duration_hr_7,float64,0,0.0,69208,0.0
sensing.csv,Sensing\sensing.csv,unlock_duration_hr_8,float64,0,0.0,110514,0.0
sensing.csv,Sensing\sensing.csv,unlock_duration_hr_9,float64,0,0.0,139130,0.0
sensing.csv,Sensing\sensing.csv,unlock_num_ep_0,int64,0,0.0,575,62
sensing.csv,Sensing\sensing.csv,unlock_num_ep_1,int64,0,0.0,184,0
sensing.csv,Sensing\sensing.csv,unlock_num_ep_2,int64,0,0.0,339,32
sensing.csv,Sensing\sensing.csv,unlock_num_ep_3,int64,0,0.0,276,30
sensing.csv,Sensing\sensing.csv,unlock_num_hr_0,int64,0,0.0,75,0
sensing.csv,Sensing\sensing.csv,unlock_num_hr_1,int64,0,0.0,70,0
sensing.csv,Sensing\sensing.csv,unlock_num_hr_10,int64,0,0.0,75,6
sensing.csv,Sensing\sensing.csv,unlock_num_hr_11,int64,0,0.0,72,3
sensing.csv,Sensing\sensing.csv,unlock_num_hr_12,int64,0,0.0,87,5
sensing.csv,Sensing\sensing.csv,unlock_num_hr_13,int64,0,0.0,82,4
sensing.csv,Sensing\sensing.csv,unlock_num_hr_14,int64,0,0.0,74,6
sensing.csv,Sensing\sensing.csv,unlock_num_hr_15,int64,0,0.0,78,2
sensing.csv,Sensing\sensing.csv,unlock_num_hr_16,int64,0,0.0,76,5
sensing.csv,Sensing\sensing.csv,unlock_num_hr_17,int64,0,0.0,81,1
sensing.csv,Sensing\sensing.csv,unlock_num_hr_18,int64,0,0.0,79,5
sensing.csv,Sensing\sensing.csv,unlock_num_hr_19,int64,0,0.0,72,7
sensing.csv,Sensing\sensing.csv,unlock_num_hr_2,int64,0,0.0,59,0
sensing.csv,Sensing\sensing.csv,unlock_num_hr_20,int64,0,0.0,83,9
sensing.csv,Sensing\sensing.csv,unlock_num_hr_21,int64,0,0.0,86,5
sensing.csv,Sensing\sensing.csv,unlock_num_hr_22,int64,0,0.0,90,4
sensing.csv,Sensing\sensing.csv,unlock_num_hr_23,int64,0,0.0,82,1
sensing.csv,Sensing\sensing.csv,unlock_num_hr_3,int64,0,0.0,49,0
sensing.csv,Sensing\sensing.csv,unlock_num_hr_4,int64,0,0.0,38,0
sensing.csv,Sensing\sensing.csv,unlock_num_hr_5,int64,0,0.0,45,0
sensing.csv,Sensing\sensing.csv,unlock_num_hr_6,int64,0,0.0,44,0
sensing.csv,Sensing\sensing.csv,unlock_num_hr_7,int64,0,0.0,54,0
sensing.csv,Sensing\sensing.csv,unlock_num_hr_8,int64,0,0.0,64,0
sensing.csv,Sensing\sensing.csv,unlock_num_hr_9,int64,0,0.0,75,0
sensing.csv,Sensing\sensing.csv,sleep_heathkit_dur,float64,137201,0.6349987272348598,1733,8.267
